HLA-A*01:01:01:01	Common
HLA-A*02:01:01:01	Common
HLA-A*03:01:01:01	Common
HLA-A*11:01:01:01	Common
HLA-A*23:01:01:01	Common
HLA-A*24:02:01:01	Common
HLA-A*25:01:01:01	Common
HLA-A*26:01:01:01	Common
HLA-A*29:01:01:01	Common
HLA-A*30:01:01:01	Common
HLA-A*31:01:02:01	Common
HLA-A*32:01:01:01	Common
HLA-A*33:01:01:01	Common
HLA-A*34:01:01:01	Common
HLA-A*36:01:01:01	Common
HLA-A*43:01	Common
HLA-A*66:01:01:01	Common
HLA-A*68:01:01:02	Not CWD defined
HLA-A*69:01:01:01	Common
HLA-A*74:01:01:01	Common
HLA-A*74:02:01:02	Not CWD defined
HLA-A*80:01:01:01	Common
HLA-B*07:02:01:01	Common
HLA-B*08:01:01:01	Common
HLA-B*13:01:01:01	Common
HLA-B*14:01:01:01	Common
HLA-B*15:01:01:01	Common
HLA-B*15:10:01:01	Common
HLA-B*18:01:01:01	Common
HLA-B*27:02:01	Common
HLA-B*27:05:02:01	Common
HLA-B*35:01:01:01	Common
HLA-B*37:01:01:01	Common
HLA-B*38:01:01:01	Common
HLA-B*39:01:01:01	Common
HLA-B*40:01:02:01	Common
HLA-B*40:305	Not CWD defined
HLA-B*41:01:01:01	Common
HLA-B*42:01:01:01	Common
HLA-B*44:02:01:01	Common
HLA-B*45:01:01:01	Common
HLA-B*46:01:01:01	Common
HLA-B*47:01:01:03	Not CWD defined
HLA-B*48:01:01:01	Common
HLA-B*49:01:01:01	Common
HLA-B*50:01:01:01	Common
HLA-B*51:01:01:01	Common
HLA-B*52:01:01:01	Common
HLA-B*53:01:01:01	Common
HLA-B*54:01:01:01	Common
HLA-B*55:01:01:01	Common
HLA-B*56:01:01:01	Common
HLA-B*56:01:01:02	Not CWD defined
HLA-B*57:01:01:01	Common
HLA-B*58:01:01:01	Common
HLA-B*59:01:01:01	Common
HLA-B*67:01:01	Common
HLA-B*73:01:01:01	Common
HLA-B*78:01:01:02	Not CWD defined
HLA-B*81:01:01:01	Common
HLA-B*82:01:01:01	Common
HLA-B*83:01	Not CWD defined
HLA-C*01:02:01:01	Common
HLA-C*02:02:02:01	Common
HLA-C*03:02:02:01	Well-Documented
HLA-C*03:03:01:01	Common
HLA-C*04:01:01:01	Common
HLA-C*05:01:01:01	Common
HLA-C*06:02:01:01	Common
HLA-C*07:01:01:01	Common
HLA-C*08:01:01:01	Common
HLA-C*12:02:02:01	Common
HLA-C*14:02:01:01	Common
HLA-C*15:02:01:01	Common
HLA-C*16:01:01:01	Common
HLA-C*17:01:01:01	Common
HLA-C*17:01:01:02	Not CWD defined
HLA-C*18:01:01:01	Common
HLA-DMA*01:01:01:01	Not CWD defined
HLA-DMB*01:01:01:01	Not CWD defined
HLA-DOA*01:01:01	Not CWD defined
HLA-DOB*01:01:01:01	Not CWD defined
HLA-DPA1*01:03:01:01	Common
HLA-DPA1*01:03:01:02	Not CWD defined
HLA-DPA1*02:01:01:01	Common
HLA-DPA1*02:01:02	Not CWD defined
HLA-DPA1*03:01:01:01	Common
HLA-DPA1*04:01:01:01	Common
HLA-DPB1*01:01:01:01	Common
HLA-DPB1*02:01:02	Common
HLA-DQA1*01:01:01:01	Common
HLA-DQA1*02:01:01:01	Common
HLA-DQA1*03:01:01:01	Common
HLA-DQA1*04:01:01:01	Common
HLA-DQA1*05:01:01:01	Common
HLA-DQA1*06:01:01:01	Well-Documented
HLA-DQB1*02:01:01:01	Common
HLA-DQB1*03:01:01:01	Common
HLA-DQB1*04:01:01:01	Common
HLA-DQB1*05:01:01:01	Common
HLA-DQB1*06:01:01:01	Common
HLA-DRA*01:01:01:01	Not CWD defined
HLA-DRB1*01:01:01:01	Common
HLA-DRB1*03:01:01:01	Common
HLA-DRB1*04:01:01:01	Common
HLA-DRB1*07:01:01:01	Common
HLA-DRB1*08:02:01:01	Common
HLA-DRB1*08:03:02	Common
HLA-DRB1*09:01:02:01	Common
HLA-DRB1*09:21	Not CWD defined
HLA-DRB1*10:01:01:01	Common
HLA-DRB1*11:01:01:01	Common
HLA-DRB1*12:01:01:02	Not CWD defined
HLA-DRB1*13:01:01:01	Common
HLA-DRB1*14:05:01	Common
HLA-DRB1*14:54:01:01	Common
HLA-DRB1*15:01:01:01	Common
HLA-DRB1*15:01:01:02	Not CWD defined
HLA-DRB1*16:01:01	Common
HLA-DRB3*01:01:02:01	Common
HLA-DRB3*02:02:01:01	Common
HLA-DRB3*03:01:01:01	Common
HLA-DRB4*01:01:01:01	Common
HLA-DRB4*02:01N	Common
HLA-DRB5*01:01:01:01	Common
HLA-DRB5*02:02:01	Common
HLA-E*01:01:01:01	Not CWD defined
HLA-F*01:01:01:01	Not CWD defined
HLA-G*01:01:01:01	Not CWD defined
MICA*001	Not CWD defined
MICB*004:01:01	Not CWD defined
