Locus	Allele	Number	Category
HLA-A	A*01:01	58262	common
	A*01:03	217	well-documented
	A*01:78	16	well-documented
	A*02:01	195439	common
	A*02:02	91	well-documented
	A*02:03	56065	common
	A*02:05	5781	common
	A*02:06	84871	common
	A*02:07	136695	common
	A*02:08	22	well-documented
	A*02:09	602	well-documented
	A*02:10	5744	common
	A*02:108	27	well-documented
	A*02:11	293	well-documented
	A*02:12	24	well-documented
	A*02:121	10	well-documented
	A*02:17	84	well-documented
	A*02:189	40	well-documented
	A*02:20	67	well-documented
	A*02:230	12	well-documented
	A*02:24	6	well-documented
	A*02:249	10	well-documented
	A*02:251	10	well-documented
	A*02:256	8	well-documented
	A*02:259	8	well-documented
	A*02:264	38	well-documented
	A*02:269	9	well-documented
	A*02:28	13	well-documented
	A*02:293Q	5	well-documented
	A*02:344	12	well-documented
	A*02:36	7	well-documented
	A*02:419	6	well-documented
	A*02:42	17	well-documented
	A*02:426	5	well-documented
	A*02:446	6	well-documented
	A*02:478	5	well-documented
	A*02:48	155	well-documented
	A*02:53N	808	well-documented
	A*02:79	12	well-documented
	A*02:80	12	well-documented
	A*02:90	69	well-documented
	A*02:93	80	well-documented
	A*02:99	24	well-documented
	A*03:01	48061	common
	A*03:02	3576	common
	A*03:05	7	well-documented
	A*03:12	7	well-documented
	A*03:20	5	well-documented
	A*03:77	33	well-documented
	A*11:01	339270	common
	A*11:02	27495	common
	A*11:03	1691	common
	A*11:04	100	well-documented
	A*11:06	17	well-documented
	A*11:100	5	well-documented
	A*11:12	9	well-documented
	A*11:126	16	well-documented
	A*11:14	7	well-documented
	A*11:163	5	well-documented
	A*11:19	7	well-documented
	A*11:27	5	well-documented
	A*11:32	8	well-documented
	A*11:36	30	well-documented
	A*11:56	12	well-documented
	A*11:60	16	well-documented
	A*11:61	8	well-documented
	A*11:69N	9	well-documented
	A*11:77	10	well-documented
	A*11:87	13	well-documented
	A*11:88	10	well-documented
	A*23:01	4192	common
	A*23:20	11	well-documented
	A*23:26	11	well-documented
	A*24:02	252433	common
	A*24:03	2432	common
	A*24:04	609	well-documented
	A*24:05	15	well-documented
	A*24:06	7	well-documented
	A*24:07	3529	common
	A*24:08	1310	well-documented
	A*24:10	1140	well-documented
	A*24:112	6	well-documented
	A*24:128	25	well-documented
	A*24:13	11	well-documented
	A*24:132N	17	well-documented
	A*24:141	5	well-documented
	A*24:144	29	well-documented
	A*24:150	9	well-documented
	A*24:152	8	well-documented
	A*24:17	11	well-documented
	A*24:20	4234	common
	A*24:21	11	well-documented
	A*24:225	5	well-documented
	A*24:28	25	well-documented
	A*24:30	83	well-documented
	A*24:33	7	well-documented
	A*24:52	21	well-documented
	A*24:59	25	well-documented
	A*24:64	35	well-documented
	A*24:68	112	well-documented
	A*24:85	50	well-documented
	A*24:91	7	well-documented
	A*24:93	16	well-documented
	A*24:98	10	well-documented
	A*25:01	336	well-documented
	A*26:01	46177	common
	A*26:02	231	well-documented
	A*26:03	359	well-documented
	A*26:08	24	well-documented
	A*26:09	5	well-documented
	A*26:14	8	well-documented
	A*26:17	6	well-documented
	A*26:18	120	well-documented
	A*26:20	115	well-documented
	A*26:35	7	well-documented
	A*26:36	25	well-documented
	A*26:50	6	well-documented
	A*29:01	10945	common
	A*29:02	1063	well-documented
	A*29:10	34	well-documented
	A*30:01	96893	common
	A*30:02	518	well-documented
	A*30:04	1232	well-documented
	A*30:18	286	well-documented
	A*30:20	10	well-documented
	A*30:38	7	well-documented
	A*31:01	53249	common
	A*31:06	13	well-documented
	A*31:13	49	well-documented
	A*31:17	25	well-documented
	A*31:30	5	well-documented
	A*31:32	6	well-documented
	A*31:33	6	well-documented
	A*32:01	21685	common
	A*32:54	9	well-documented
	A*33:01	3007	common
	A*33:03	133620	common
	A*33:08	32	well-documented
	A*33:10	8	well-documented
	A*33:30	8	well-documented
	A*34:01	690	well-documented
	A*34:02	15	well-documented
	A*36:02	28	well-documented
	A*66:01	983	well-documented
	A*68:01	11530	common
	A*68:02	867	well-documented
	A*68:24	112	well-documented
	A*68:38	32	well-documented
	A*68:96	16	well-documented
	A*69:01	2096	common
	A*74:01	42	well-documented
	A*74:02	607	well-documented
	A*74:03	69	well-documented
	A*74:05	39	well-documented
	A*74:13	13	well-documented
HLA-B	B*07:02	34480	common
	B*07:05	8652	common
	B*07:06	733	well-documented
	B*07:08	7	well-documented
	B*07:10	102	well-documented
	B*07:116	9	well-documented
	B*07:18	6	well-documented
	B*07:48	12	well-documented
	B*07:81	7	well-documented
	B*07:91	5	well-documented
	B*08:01	14791	common
	B*13:01	81393	common
	B*13:02	102656	common
	B*13:16	17	well-documented
	B*13:38	7	well-documented
	B*14:01	821	well-documented
	B*14:02	4829	common
	B*15:01	77682	common
	B*15:02	57714	common
	B*15:03	435	well-documented
	B*15:05	2944	common
	B*15:07	5268	common
	B*15:08	309	well-documented
	B*15:09	30	well-documented
	B*15:10	132	well-documented
	B*15:11	30029	common
	B*15:12	3751	common
	B*15:13	877	well-documented
	B*15:134	15	well-documented
	B*15:15	6	well-documented
	B*15:152	12	well-documented
	B*15:16	6	well-documented
	B*15:17	3310	common
	B*15:178	70	well-documented
	B*15:18	22207	common
	B*15:19	438	well-documented
	B*15:192	7	well-documented
	B*15:198	77	well-documented
	B*15:201	9	well-documented
	B*15:21	542	well-documented
	B*15:220	142	well-documented
	B*15:227	6	well-documented
	B*15:25	9027	common
	B*15:27	13895	common
	B*15:29	240	well-documented
	B*15:30	6	well-documented
	B*15:32	3487	common
	B*15:35	433	well-documented
	B*15:38	130	well-documented
	B*15:39	23	well-documented
	B*15:46	746	well-documented
	B*15:58	1388	well-documented
	B*15:65	8	well-documented
	B*15:68	95	well-documented
	B*15:78	8	well-documented
	B*15:86	18	well-documented
	B*15:88	9	well-documented
	B*18:01	5841	common
	B*18:02	890	well-documented
	B*18:03	20	well-documented
	B*27:01	5	well-documented
	B*27:02	346	well-documented
	B*27:03	130	well-documented
	B*27:04	14793	common
	B*27:05	11786	common
	B*27:06	878	well-documented
	B*27:07	2457	common
	B*27:14	33	well-documented
	B*27:15	91	well-documented
	B*27:24	462	well-documented
	B*27:25	148	well-documented
	B*27:36	87	well-documented
	B*27:61	5	well-documented
	B*27:69	26	well-documented
	B*35:01	39452	common
	B*35:02	3574	common
	B*35:03	18188	common
	B*35:04	24	well-documented
	B*35:05	4378	common
	B*35:08	2355	common
	B*35:11	54	well-documented
	B*35:189	5	well-documented
	B*35:28	5	well-documented
	B*35:29	5	well-documented
	B*35:30	15	well-documented
	B*35:37	10	well-documented
	B*35:42	25	well-documented
	B*35:64	10	well-documented
	B*37:01	22782	common
	B*37:02	5	well-documented
	B*37:04	58	well-documented
	B*38:01	8243	common
	B*38:02	42113	common
	B*38:15	29	well-documented
	B*39:01	28804	common
	B*39:04	16	well-documented
	B*39:05	2820	common
	B*39:06	95	well-documented
	B*39:09	525	well-documented
	B*39:10	8	well-documented
	B*39:15	230	well-documented
	B*39:24	183	well-documented
	B*39:31	77	well-documented
	B*39:36	10	well-documented
	B*39:38Q	8	well-documented
	B*39:58	6	well-documented
	B*40:01	155053	common
	B*40:02	30335	common
	B*40:03	3563	common
	B*40:06	52486	common
	B*40:10	13	well-documented
	B*40:11	34	well-documented
	B*40:122	11	well-documented
	B*40:125	8	well-documented
	B*40:140	7	well-documented
	B*40:141	13	well-documented
	B*40:150	79	well-documented
	B*40:153	6	well-documented
	B*40:207	5	well-documented
	B*40:229	313	well-documented
	B*40:25	5	well-documented
	B*40:255	5	well-documented
	B*40:268	6	well-documented
	B*40:40	729	well-documented
	B*40:43	12	well-documented
	B*40:48	20	well-documented
	B*40:49	7	well-documented
	B*40:50	36	well-documented
	B*40:55	174	well-documented
	B*40:69	5	well-documented
	B*40:70	7	well-documented
	B*40:75	6	well-documented
	B*40:78	161	well-documented
	B*40:81	8	well-documented
	B*40:84	52	well-documented
	B*40:97	106	well-documented
	B*41:01	1765	common
	B*41:02	399	well-documented
	B*42:01	202	well-documented
	B*42:02	70	well-documented
	B*44:02	14020	common
	B*44:03	44912	common
	B*44:05	119	well-documented
	B*44:118	6	well-documented
	B*44:27	42	well-documented
	B*44:29	6	well-documented
	B*45:01	1819	common
	B*46:01	166548	common
	B*46:09	10	well-documented
	B*46:18	5	well-documented
	B*46:19	9	well-documented
	B*47:01	349	well-documented
	B*48:01	40086	common
	B*48:03	2522	common
	B*48:04	39	well-documented
	B*48:06	5	well-documented
	B*49:01	2849	common
	B*50:01	11210	common
	B*51:01	91242	common
	B*51:02	17101	common
	B*51:04	5	well-documented
	B*51:05	5	well-documented
	B*51:06	145	well-documented
	B*51:07	543	well-documented
	B*51:08	652	well-documented
	B*51:09	42	well-documented
	B*51:130	5	well-documented
	B*51:21	30	well-documented
	B*51:22	41	well-documented
	B*51:34	23	well-documented
	B*51:36	177	well-documented
	B*51:39	26	well-documented
	B*51:59	7	well-documented
	B*52:01	48562	common
	B*52:04	12	well-documented
	B*52:11	9	well-documented
	B*52:20	5	well-documented
	B*53:01	546	well-documented
	B*54:01	50846	common
	B*54:16	9	well-documented
	B*54:17	77	well-documented
	B*55:01	1631	common
	B*55:02	40137	common
	B*55:04	812	well-documented
	B*55:07	415	well-documented
	B*55:12	563	well-documented
	B*55:16	17	well-documented
	B*55:21	33	well-documented
	B*55:26	5	well-documented
	B*55:30	12	well-documented
	B*55:34	6	well-documented
	B*55:43	5	well-documented
	B*55:50	8	well-documented
	B*56:01	7851	common
	B*56:03	624	well-documented
	B*56:04	1251	well-documented
	B*56:09	8	well-documented
	B*56:10	94	well-documented
	B*56:14	32	well-documented
	B*56:18	11	well-documented
	B*56:21	11	well-documented
	B*56:27	5	well-documented
	B*57:01	19010	common
	B*57:02	36	well-documented
	B*57:03	87	well-documented
	B*57:29	16	well-documented
	B*58:01	99845	common
	B*58:12	7	well-documented
	B*58:58	5	well-documented
	B*59:01	1542	well-documented
	B*67:01	11698	common
	B*67:03	6	well-documented
	B*73:01	192	well-documented
	B*78:01	6	well-documented
	B*78:02	8	well-documented
	B*81:01	76	well-documented
	B*81:02	1149	well-documented
HLA-C	C*01:02	171264	common
	C*01:03	6741	common
	C*01:06	908	well-documented
	C*01:08	204	well-documented
	C*01:10	7	well-documented
	C*01:17	14	well-documented
	C*01:22	9	well-documented
	C*01:30	8	well-documented
	C*01:40	5	well-documented
	C*01:44	6	well-documented
	C*01:50	7	well-documented
	C*01:58	7	well-documented
	C*01:85	16	well-documented
	C*02:02	7478	common
	C*02:10	9	well-documented
	C*03:02	64137	common
	C*03:03	75039	common
	C*03:04	106467	common
	C*03:07	5	well-documented
	C*03:100	62	well-documented
	C*03:107	5	well-documented
	C*03:16	7	well-documented
	C*03:17	258	well-documented
	C*03:198	11	well-documented
	C*03:204	5	well-documented
	C*03:21	19	well-documented
	C*03:210	5	well-documented
	C*03:211	8	well-documented
	C*03:28	16	well-documented
	C*03:32	6	well-documented
	C*03:35	6	well-documented
	C*03:36	69	well-documented
	C*03:38	34	well-documented
	C*03:39	16	well-documented
	C*03:40	12	well-documented
	C*03:41	7	well-documented
	C*03:43	6	well-documented
	C*03:46	5	well-documented
	C*03:48	6	well-documented
	C*03:56	162	well-documented
	C*03:64	6	well-documented
	C*03:69	6	well-documented
	C*03:76	12	well-documented
	C*03:85	19	well-documented
	C*04:01	62410	common
	C*04:03	10935	common
	C*04:06	295	well-documented
	C*04:08	17	well-documented
	C*04:130	21	well-documented
	C*04:69	43	well-documented
	C*04:70	18	well-documented
	C*04:81	11	well-documented
	C*04:82	2549	common
	C*05:01	9146	common
	C*06:02	95890	common
	C*06:04	8	well-documented
	C*06:06	9	well-documented
	C*06:103	18	well-documented
	C*06:104	5	well-documented
	C*06:106	5	well-documented
	C*06:73	5	well-documented
	C*07:01	6165	common
	C*07:02	163834	common
	C*07:04	9351	common
	C*07:06	8625	common
	C*07:154	154	well-documented
	C*07:159	13	well-documented
	C*07:16	12	well-documented
	C*07:169	7	well-documented
	C*07:172	5	well-documented
	C*07:18	269	well-documented
	C*07:19	21	well-documented
	C*07:26	19	well-documented
	C*07:27	49	well-documented
	C*07:43	133	well-documented
	C*07:51	9	well-documented
	C*07:56	16	well-documented
	C*07:63	106	well-documented
	C*07:66	804	well-documented
	C*07:67	59	well-documented
	C*08:01	91830	common
	C*08:02	3219	common
	C*08:03	8351	common
	C*08:06	102	well-documented
	C*08:10	6	well-documented
	C*08:21	10	well-documented
	C*08:22	9378	common
	C*08:24	30	well-documented
	C*08:27	15	well-documented
	C*08:41	54	well-documented
	C*08:44	30	well-documented
	C*08:86	8	well-documented
	C*12:02	33836	common
	C*12:03	20628	common
	C*12:04	6	well-documented
	C*12:05	51	well-documented
	C*12:09	5	well-documented
	C*12:18	10	well-documented
	C*14:02	46071	common
	C*14:03	11111	common
	C*14:12	8	well-documented
	C*14:23	12	well-documented
	C*14:24	10	well-documented
	C*14:25	26	well-documented
	C*14:29	6	well-documented
	C*15:02	35970	common
	C*15:04	396	well-documented
	C*15:05	7618	common
	C*15:06	28	well-documented
	C*15:07	7	well-documented
	C*15:09	5	well-documented
	C*15:11	153	well-documented
	C*15:12	12	well-documented
	C*15:13	177	well-documented
	C*15:17	19	well-documented
	C*15:21	12	well-documented
	C*15:26	65	well-documented
	C*15:29	19	well-documented
	C*16:01	55	well-documented
	C*16:02	2179	common
	C*16:04	825	well-documented
	C*17:01	1093	common
	C*17:02	14	well-documented
	C*17:03	236	well-documented
	C*18:02	17	well-documented
HLA-DRB1	DRB1*01:01	33627	common
	DRB1*01:02	4297	common
	DRB1*01:14	17	well-documented
	DRB1*03:01	82869	common
	DRB1*03:05	9	well-documented
	DRB1*03:06	7	well-documented
	DRB1*03:08	5	well-documented
	DRB1*03:11	6	well-documented
	DRB1*03:27	81	well-documented
	DRB1*04:01	16200	common
	DRB1*04:02	2821	common
	DRB1*04:03	25282	common
	DRB1*04:04	12019	common
	DRB1*04:05	78266	common
	DRB1*04:06	41741	common
	DRB1*04:07	3370	common
	DRB1*04:08	2090	common
	DRB1*04:10	4685	common
	DRB1*04:11	66	well-documented
	DRB1*04:13	12	well-documented
	DRB1*04:17	10	well-documented
	DRB1*04:38	8	well-documented
	DRB1*04:59	8	well-documented
	DRB1*04:88	5	well-documented
	DRB1*04:93	6	well-documented
	DRB1*07:01	156895	common
	DRB1*07:11	8	well-documented
	DRB1*07:13	54	well-documented
	DRB1*08:01	817	well-documented
	DRB1*08:02	10965	common
	DRB1*08:03	102511	common
	DRB1*08:04	578	well-documented
	DRB1*08:09	2708	common
	DRB1*08:12	14	well-documented
	DRB1*08:14	16	well-documented
	DRB1*08:18	7	well-documented
	DRB1*08:19	20	well-documented
	DRB1*08:30	13	well-documented
	DRB1*08:32	9	well-documented
	DRB1*08:35	7	well-documented
	DRB1*08:36	17	well-documented
	DRB1*08:41	6	well-documented
	DRB1*09:01	240163	common
	DRB1*09:04	73	well-documented
	DRB1*09:06	8	well-documented
	DRB1*09:07	6	well-documented
	DRB1*09:10	16	well-documented
	DRB1*10:01	25792	common
	DRB1*11:01	91431	common
	DRB1*11:02	12	well-documented
	DRB1*11:03	607	well-documented
	DRB1*11:04	9815	common
	DRB1*11:06	1631	common
	DRB1*11:08	24	well-documented
	DRB1*11:101	18	well-documented
	DRB1*11:106	13	well-documented
	DRB1*11:11	102	well-documented
	DRB1*11:111	5	well-documented
	DRB1*11:12	6	well-documented
	DRB1*11:129	78	well-documented
	DRB1*11:15	10	well-documented
	DRB1*11:19	33	well-documented
	DRB1*11:20	24	well-documented
	DRB1*11:23	9	well-documented
	DRB1*11:27	7	well-documented
	DRB1*11:28	171	well-documented
	DRB1*11:29	9	well-documented
	DRB1*11:37	13	well-documented
	DRB1*11:39	14	well-documented
	DRB1*11:54	11	well-documented
	DRB1*11:57	11	well-documented
	DRB1*11:75	11	well-documented
	DRB1*12:01	39176	common
	DRB1*12:02	141391	common
	DRB1*12:05	87	well-documented
	DRB1*12:08	133	well-documented
	DRB1*12:10	3813	common
	DRB1*12:14	6	well-documented
	DRB1*12:16	6	well-documented
	DRB1*12:18	11	well-documented
	DRB1*12:19	12	well-documented
	DRB1*12:20	6	well-documented
	DRB1*12:27	10	well-documented
	DRB1*12:28	12	well-documented
	DRB1*13:01	23647	common
	DRB1*13:02	54245	common
	DRB1*13:03	807	well-documented
	DRB1*13:05	125	well-documented
	DRB1*13:07	875	well-documented
	DRB1*13:08	11	well-documented
	DRB1*13:118	10	well-documented
	DRB1*13:12	11840	common
	DRB1*13:13	19	well-documented
	DRB1*13:14	16	well-documented
	DRB1*13:19	73	well-documented
	DRB1*13:50	144	well-documented
	DRB1*14:01	639	well-documented
	DRB1*14:02	409	well-documented
	DRB1*14:03	8577	common
	DRB1*14:04	10783	common
	DRB1*14:05	35740	common
	DRB1*14:06	207	well-documented
	DRB1*14:07	3852	common
	DRB1*14:10	470	well-documented
	DRB1*14:11	62	well-documented
	DRB1*14:12	637	well-documented
	DRB1*14:141	18	well-documented
	DRB1*14:15	5	well-documented
	DRB1*14:18	1466	well-documented
	DRB1*14:22	69	well-documented
	DRB1*14:25	282	well-documented
	DRB1*14:33	24	well-documented
	DRB1*14:44	45	well-documented
	DRB1*14:49	34	well-documented
	DRB1*14:54	38055	common
	DRB1*14:61	34	well-documented
	DRB1*15:01	188130	common
	DRB1*15:02	50875	common
	DRB1*15:03	55	well-documented
	DRB1*15:04	3842	common
	DRB1*15:05	5	well-documented
	DRB1*15:06	185	well-documented
	DRB1*15:07	11	well-documented
	DRB1*15:11	31	well-documented
	DRB1*15:49	6	well-documented
	DRB1*16:01	1140	well-documented
	DRB1*16:02	49633	common
	DRB1*16:05	6	well-documented
	DRB1*16:09	15	well-documented
	DRB1*16:10	7	well-documented
HLA-DQB1	DQB1*02:01	53554	common
	DQB1*02:02	81214	common
	DQB1*02:03	10	well-documented
	DQB1*02:12	11	well-documented
	DQB1*03:01	227122	common
	DQB1*03:02	61870	common
	DQB1*03:03	171484	common
	DQB1*03:04	335	well-documented
	DQB1*03:05	997	well-documented
	DQB1*03:13	803	well-documented
	DQB1*03:14	12	well-documented
	DQB1*03:17	124	well-documented
	DQB1*03:19	7	well-documented
	DQB1*03:22	37	well-documented
	DQB1*03:24	7	well-documented
	DQB1*03:26	9	well-documented
	DQB1*03:27	24	well-documented
	DQB1*03:29	37	well-documented
	DQB1*03:30	6	well-documented
	DQB1*03:32	6	well-documented
	DQB1*03:34	16	well-documented
	DQB1*03:38	27	well-documented
	DQB1*03:44	5	well-documented
	DQB1*03:50	11	well-documented
	DQB1*03:93	5	well-documented
	DQB1*04:01	48604	common
	DQB1*04:02	13528	common
	DQB1*04:08	7	well-documented
	DQB1*05:01	50012	common
	DQB1*05:02	79409	common
	DQB1*05:03	45240	common
	DQB1*05:04	184	well-documented
	DQB1*05:05	5	well-documented
	DQB1*05:08	17	well-documented
	DQB1*05:10	331	well-documented
	DQB1*05:18	6	well-documented
	DQB1*06:01	110483	common
	DQB1*06:02	81619	common
	DQB1*06:03	15827	common
	DQB1*06:04	15385	common
	DQB1*06:05	6	well-documented
	DQB1*06:07	111	well-documented
	DQB1*06:09	18251	common
	DQB1*06:10	1088	common
	DQB1*06:103	12	well-documented
	DQB1*06:107	5	well-documented
	DQB1*06:11	16	well-documented
	DQB1*06:41	157	well-documented
	DQB1*06:84	12	well-documented
